SP_GEOMETRY,CommonName,Easting,Northing
System.__ComObject,Whitethroat,472000,188000
System.__ComObject,Whitethroat,450000,166700
System.__ComObject,Whitethroat,450000,166700
System.__ComObject,Whitethroat,467800,174300
System.__ComObject,Whitethroat,467800,174300
System.__ComObject,Whitethroat,457000,214000
System.__ComObject,Whitethroat,457000,213900
System.__ComObject,Whitethroat,457000,212800
System.__ComObject,Whitethroat,456600,213400
System.__ComObject,Whitethroat,456600,213400
System.__ComObject,Whitethroat,456600,213400
System.__ComObject,Whitethroat,456600,213400
System.__ComObject,Whitethroat,456600,213400
System.__ComObject,Whitethroat,456600,213400
System.__ComObject,Whitethroat,457000,212800
System.__ComObject,Whitethroat,457000,212800
System.__ComObject,Whitethroat,457000,212800
System.__ComObject,Whitethroat,457000,212800
System.__ComObject,Whitethroat,457000,212800
System.__ComObject,Whitethroat,457000,212800
System.__ComObject,Whitethroat,457000,212800
System.__ComObject,Whitethroat,457000,212800
System.__ComObject,Whitethroat,457000,212800
System.__ComObject,Whitethroat,457000,212800
System.__ComObject,Whitethroat,456600,213400
System.__ComObject,Whitethroat,455500,213200
System.__ComObject,Whitethroat,471400,171900
System.__ComObject,Whitethroat,471400,171900
System.__ComObject,Whitethroat,471400,171900
System.__ComObject,Whitethroat,450000,166700
System.__ComObject,Whitethroat,450000,166700
System.__ComObject,Whitethroat,450000,166700
System.__ComObject,Whitethroat,450000,166700
System.__ComObject,Whitethroat,450000,166700
System.__ComObject,Whitethroat,450000,166700
System.__ComObject,Whitethroat,450000,166700
System.__ComObject,Whitethroat,450000,166700
System.__ComObject,Whitethroat,450000,166700
System.__ComObject,Whitethroat,456500,214300
System.__ComObject,Whitethroat,456500,214300
System.__ComObject,Whitethroat,454500,208200
System.__ComObject,Whitethroat,456500,214300
System.__ComObject,Whitethroat,456100,213600
System.__ComObject,Whitethroat,457000,214000
System.__ComObject,Whitethroat,457000,214000
System.__ComObject,Whitethroat,456300,213700
System.__ComObject,Whitethroat,457000,214000
System.__ComObject,Whitethroat,457000,214000
System.__ComObject,Whitethroat,457000,214000
System.__ComObject,Whitethroat,457000,214000
System.__ComObject,Whitethroat,457000,214000
System.__ComObject,Whitethroat,455600,212700
System.__ComObject,Whitethroat,456600,213400
System.__ComObject,Whitethroat,457000,212800
System.__ComObject,Whitethroat,456600,213400
System.__ComObject,Whitethroat,457000,212800
System.__ComObject,Whitethroat,456600,213400
System.__ComObject,Whitethroat,456600,213400
System.__ComObject,Whitethroat,456600,213400
System.__ComObject,Whitethroat,456600,213400
System.__ComObject,Whitethroat,457000,212800
System.__ComObject,Whitethroat,457000,212800
System.__ComObject,Whitethroat,457000,212800
System.__ComObject,Whitethroat,457000,212800
System.__ComObject,Whitethroat,457000,212800
System.__ComObject,Whitethroat,457000,212800
System.__ComObject,Whitethroat,457000,212800
System.__ComObject,Whitethroat,457000,212800
System.__ComObject,Whitethroat,457000,212800
System.__ComObject,Whitethroat,457000,212800
System.__ComObject,Whitethroat,457000,212800
System.__ComObject,Whitethroat,456600,213400
System.__ComObject,Whitethroat,456600,213400
System.__ComObject,Whitethroat,456600,213400
System.__ComObject,Whitethroat,456600,213400
System.__ComObject,Whitethroat,456600,213400
System.__ComObject,Whitethroat,456600,213400
System.__ComObject,Whitethroat,457000,212800
System.__ComObject,Whitethroat,457000,212800
System.__ComObject,Whitethroat,456300,213700
System.__ComObject,Whitethroat,457000,212800
System.__ComObject,Whitethroat,457000,212800
System.__ComObject,Whitethroat,457000,212800
System.__ComObject,Whitethroat,457000,212800
System.__ComObject,Whitethroat,457000,212800
System.__ComObject,Whitethroat,457000,212800
System.__ComObject,Whitethroat,457000,212800
System.__ComObject,Whitethroat,457000,212800
System.__ComObject,Whitethroat,457000,212800
System.__ComObject,Whitethroat,457000,212800
System.__ComObject,Whitethroat,457000,212800
System.__ComObject,Whitethroat,457000,212800
System.__ComObject,Whitethroat,457000,212800
System.__ComObject,Whitethroat,457000,212800
System.__ComObject,Whitethroat,456600,213400
System.__ComObject,Whitethroat,457000,212800
System.__ComObject,Whitethroat,456600,213400
System.__ComObject,Whitethroat,457000,212800
System.__ComObject,Whitethroat,457000,212800
System.__ComObject,Whitethroat,457000,212800
System.__ComObject,Whitethroat,455500,213200
System.__ComObject,Whitethroat,456500,214300
System.__ComObject,Whitethroat,455500,214400
System.__ComObject,Whitethroat,456500,214300
System.__ComObject,Whitethroat,456200,214400
System.__ComObject,Whitethroat,456200,214400
System.__ComObject,Whitethroat,455500,213200
System.__ComObject,Whitethroat,455500,213200
System.__ComObject,Whitethroat,456500,214300
System.__ComObject,Whitethroat,456100,213600
System.__ComObject,Whitethroat,456200,214400
System.__ComObject,Whitethroat,456200,214400
System.__ComObject,Whitethroat,456100,213600
System.__ComObject,Whitethroat,456100,213600
System.__ComObject,Whitethroat,456100,213600
System.__ComObject,Whitethroat,456100,213600
System.__ComObject,Whitethroat,456100,213600
System.__ComObject,Whitethroat,456100,213600
System.__ComObject,Whitethroat,456100,213600
System.__ComObject,Whitethroat,456100,213600
System.__ComObject,Whitethroat,456100,213600
System.__ComObject,Whitethroat,456500,212700
System.__ComObject,Whitethroat,456500,212700
System.__ComObject,Whitethroat,456500,212700
System.__ComObject,Whitethroat,457000,212800
System.__ComObject,Whitethroat,457000,212800
System.__ComObject,Whitethroat,457000,212800
System.__ComObject,Whitethroat,457000,212800
System.__ComObject,Whitethroat,457000,212800
System.__ComObject,Whitethroat,457000,212800
System.__ComObject,Whitethroat,457000,212800
System.__ComObject,Whitethroat,457000,212800
System.__ComObject,Whitethroat,457000,212800
System.__ComObject,Whitethroat,457000,212800
System.__ComObject,Whitethroat,457000,212800
System.__ComObject,Whitethroat,457000,212800
System.__ComObject,Whitethroat,448500,217800
System.__ComObject,Whitethroat,444600,218080
System.__ComObject,Whitethroat,435387,201220
System.__ComObject,Whitethroat,459900,211700
System.__ComObject,Whitethroat,462440,201140
System.__ComObject,Whitethroat,462440,201140
System.__ComObject,Whitethroat,423800,190300
System.__ComObject,Whitethroat,423800,190300
System.__ComObject,Whitethroat,436960,163990
System.__ComObject,Whitethroat,436960,163990
System.__ComObject,Whitethroat,452600,204100
System.__ComObject,Whitethroat,461400,208000
System.__ComObject,Whitethroat,462200,225800
System.__ComObject,Whitethroat,462200,225800
System.__ComObject,Whitethroat,478450,175690
System.__ComObject,Whitethroat,478450,175690
System.__ComObject,Whitethroat,485170,179940
System.__ComObject,Whitethroat,485620,162890
System.__ComObject,Whitethroat,435376,200464
System.__ComObject,Whitethroat,472000,188000
System.__ComObject,Whitethroat,435876,200956
System.__ComObject,Whitethroat,435876,200956
System.__ComObject,Whitethroat,435876,200956
System.__ComObject,Whitethroat,435876,200956
System.__ComObject,Whitethroat,457000,214000
System.__ComObject,Whitethroat,457000,214000
System.__ComObject,Whitethroat,457000,214400
System.__ComObject,Whitethroat,457000,212800
System.__ComObject,Whitethroat,457000,212800
System.__ComObject,Whitethroat,457000,212800
System.__ComObject,Whitethroat,457000,212800
System.__ComObject,Whitethroat,470000,170200
System.__ComObject,Whitethroat,457000,212800
System.__ComObject,Whitethroat,443712,242609
System.__ComObject,Whitethroat,480700,162400
System.__ComObject,Whitethroat,480700,162400
System.__ComObject,Whitethroat,481400,162300
System.__ComObject,Whitethroat,481400,162300
System.__ComObject,Whitethroat,481400,162300
System.__ComObject,Whitethroat,481400,162300
System.__ComObject,Whitethroat,481400,162300
System.__ComObject,Whitethroat,483984,162752
System.__ComObject,Whitethroat,483984,162752
System.__ComObject,Whitethroat,484140,162668
System.__ComObject,Whitethroat,484385,162476
System.__ComObject,Whitethroat,484591,162872
System.__ComObject,Whitethroat,484591,162872
System.__ComObject,Whitethroat,484701,162992
System.__ComObject,Whitethroat,484790,163168
System.__ComObject,Whitethroat,484790,163168
System.__ComObject,Whitethroat,484790,163168
System.__ComObject,Whitethroat,435876,200956
System.__ComObject,Whitethroat,464053,219964
System.__ComObject,Whitethroat,464053,219964
System.__ComObject,Whitethroat,435586,201300
System.__ComObject,Whitethroat,436669,200872
System.__ComObject,Whitethroat,459918,185384
System.__ComObject,Whitethroat,436492,200865
System.__ComObject,Whitethroat,435310,201051
System.__ComObject,Whitethroat,435404,199914
System.__ComObject,Whitethroat,435994,200765
System.__ComObject,Whitethroat,484701,162992
System.__ComObject,Whitethroat,435994,200765
System.__ComObject,Whitethroat,435376,200464
System.__ComObject,Whitethroat,435628,201115
System.__ComObject,Whitethroat,434849,200142
System.__ComObject,Whitethroat,436244,201010
System.__ComObject,Whitethroat,462141,201199
System.__ComObject,Whitethroat,435387,201220
System.__ComObject,Whitethroat,459918,185384
System.__ComObject,Whitethroat,435830,200503
System.__ComObject,Whitethroat,433677,168820
System.__ComObject,Whitethroat,463684,220024
System.__ComObject,Whitethroat,453782,227088
System.__ComObject,Whitethroat,436669,200872
System.__ComObject,Whitethroat,453713,227398
System.__ComObject,Whitethroat,437051,164091
System.__ComObject,Whitethroat,436244,201360
System.__ComObject,Whitethroat,483863,162845
System.__ComObject,Whitethroat,435999,201519
System.__ComObject,Whitethroat,483984,162752
System.__ComObject,Whitethroat,437051,164091
System.__ComObject,Whitethroat,435999,201519
System.__ComObject,Whitethroat,453569,227254
System.__ComObject,Whitethroat,459247,214096
System.__ComObject,Whitethroat,435340,200574
System.__ComObject,Whitethroat,484385,162476
System.__ComObject,Whitethroat,484701,162992
System.__ComObject,Whitethroat,464053,219964
System.__ComObject,Whitethroat,453817,227274
System.__ComObject,Whitethroat,460532,214022
System.__ComObject,Whitethroat,435340,200574
System.__ComObject,Whitethroat,436108,200980
System.__ComObject,Whitethroat,436543,201361
System.__ComObject,Whitethroat,436543,201361
System.__ComObject,Whitethroat,463684,220024
System.__ComObject,Whitethroat,460297,185658
System.__ComObject,Whitethroat,484834,162965
System.__ComObject,Whitethroat,459019,214294
System.__ComObject,Whitethroat,459247,214096
System.__ComObject,Whitethroat,435147,199623
System.__ComObject,Whitethroat,435857,200965
System.__ComObject,Whitethroat,435857,200965
System.__ComObject,Whitethroat,459966,214967
System.__ComObject,Whitethroat,460054,214630
System.__ComObject,Whitethroat,435018,200384
System.__ComObject,Whitethroat,464182,219954
System.__ComObject,Whitethroat,435876,200956
System.__ComObject,Whitethroat,435994,200765
System.__ComObject,Whitethroat,463883,219994
System.__ComObject,Whitethroat,436392,201577
System.__ComObject,Whitethroat,434849,200142
System.__ComObject,Whitethroat,460097,185491
System.__ComObject,Whitethroat,459918,185384
System.__ComObject,Whitethroat,459736,185260
System.__ComObject,Whitethroat,484790,163168
System.__ComObject,Whitethroat,484264,163082
System.__ComObject,Whitethroat,464182,219954
System.__ComObject,Whitethroat,453569,227254
System.__ComObject,Whitethroat,459966,214967
System.__ComObject,Whitethroat,459966,214967
System.__ComObject,Whitethroat,459966,214967
System.__ComObject,Whitethroat,460532,214022
System.__ComObject,Whitethroat,460156,214363
System.__ComObject,Whitethroat,435999,201519
System.__ComObject,Whitethroat,435147,199623
System.__ComObject,Whitethroat,435521,200474
System.__ComObject,Whitethroat,484626,163023
System.__ComObject,Whitethroat,484414,163148
System.__ComObject,Whitethroat,459736,185260
System.__ComObject,Whitethroat,484385,162476
System.__ComObject,Whitethroat,484485,162686
System.__ComObject,Whitethroat,484701,162992
System.__ComObject,Whitethroat,476650,200650
System.__ComObject,Whitethroat,459800,222200
System.__ComObject,Whitethroat,460170,185630
System.__ComObject,Whitethroat,459250,213930
System.__ComObject,Whitethroat,448000,210620
System.__ComObject,Whitethroat,423970,189930
System.__ComObject,Whitethroat,462440,201140
System.__ComObject,Whitethroat,462440,201140
System.__ComObject,Whitethroat,462440,201140
System.__ComObject,Whitethroat,456400,218600
System.__ComObject,Whitethroat,456400,218600
System.__ComObject,Whitethroat,427500,185730
System.__ComObject,Whitethroat,445800,243100
System.__ComObject,Whitethroat,462900,216300
System.__ComObject,Whitethroat,441200,204400
System.__ComObject,Whitethroat,428000,212800
System.__ComObject,Whitethroat,436630,201100
System.__ComObject,Whitethroat,435290,200070
System.__ComObject,Whitethroat,436630,201100
System.__ComObject,Whitethroat,435290,200070
System.__ComObject,Whitethroat,452310,203700
System.__ComObject,Whitethroat,460170,185630
System.__ComObject,Whitethroat,460170,185630
System.__ComObject,Whitethroat,459250,213930
System.__ComObject,Whitethroat,459250,213930
System.__ComObject,Whitethroat,459250,213930
System.__ComObject,Whitethroat,459250,213930
System.__ComObject,Whitethroat,459250,213930
System.__ComObject,Whitethroat,436630,201100
System.__ComObject,Whitethroat,425200,220350
System.__ComObject,Whitethroat,425200,220350
System.__ComObject,Whitethroat,435290,200070
System.__ComObject,Whitethroat,436700,200780
System.__ComObject,Whitethroat,435340,201130
System.__ComObject,Whitethroat,436700,200780
System.__ComObject,Whitethroat,437130,200810
System.__ComObject,Whitethroat,437130,200810
System.__ComObject,Whitethroat,437130,200810
System.__ComObject,Whitethroat,452000,220300
System.__ComObject,Whitethroat,438600,201700
System.__ComObject,Whitethroat,456400,199500
System.__ComObject,Whitethroat,439050,242660
System.__ComObject,Whitethroat,439050,242660
System.__ComObject,Whitethroat,439050,242660
System.__ComObject,Whitethroat,439050,242660
System.__ComObject,Whitethroat,457300,214400
System.__ComObject,Whitethroat,457400,213300
System.__ComObject,Whitethroat,433000,200200
System.__ComObject,Whitethroat,454100,212600
System.__ComObject,Whitethroat,464300,193700
System.__ComObject,Whitethroat,430800,209600
System.__ComObject,Whitethroat,473500,174700
System.__ComObject,Whitethroat,434100,195900
System.__ComObject,Whitethroat,424300,196600
System.__ComObject,Whitethroat,474500,175400
System.__ComObject,Whitethroat,444500,220400
System.__ComObject,Whitethroat,435800,231500
System.__ComObject,Whitethroat,436500,231300
System.__ComObject,Whitethroat,438900,202200
System.__ComObject,Whitethroat,423980,212670
System.__ComObject,Whitethroat,456500,205900
System.__ComObject,Whitethroat,452400,204500
System.__ComObject,Whitethroat,454400,202300
System.__ComObject,Whitethroat,448300,209400
System.__ComObject,Whitethroat,436900,215000
System.__ComObject,Whitethroat,437800,188400
System.__ComObject,Whitethroat,476600,200700
System.__ComObject,Whitethroat,476600,200700
System.__ComObject,Whitethroat,449700,185900
System.__ComObject,Whitethroat,433500,226000
System.__ComObject,Whitethroat,425900,198700
System.__ComObject,Whitethroat,440400,204500
System.__ComObject,Whitethroat,440400,202400
System.__ComObject,Whitethroat,439400,216500
System.__ComObject,Whitethroat,447000,195900
System.__ComObject,Whitethroat,441000,191200
System.__ComObject,Whitethroat,447300,196200
System.__ComObject,Whitethroat,444400,217000
System.__ComObject,Whitethroat,427900,230600
System.__ComObject,Whitethroat,424600,207300
System.__ComObject,Whitethroat,425000,207000
System.__ComObject,Whitethroat,425800,214200
System.__ComObject,Whitethroat,423700,214900
System.__ComObject,Whitethroat,422000,211400
System.__ComObject,Whitethroat,423600,215100
System.__ComObject,Whitethroat,427500,213800
System.__ComObject,Whitethroat,459400,184400
System.__ComObject,Whitethroat,435150,220600
System.__ComObject,Whitethroat,454500,183400
System.__ComObject,Whitethroat,447400,240500
System.__ComObject,Whitethroat,450300,186400
System.__ComObject,Whitethroat,436100,202800
System.__ComObject,Whitethroat,434300,221000
System.__ComObject,Whitethroat,443200,209000
System.__ComObject,Whitethroat,448700,210800
System.__ComObject,Whitethroat,433500,226000
System.__ComObject,Whitethroat,439500,246600
System.__ComObject,Whitethroat,473000,193500
System.__ComObject,Whitethroat,434500,220500
System.__ComObject,Whitethroat,430300,216800
System.__ComObject,Whitethroat,440174,201738
System.__ComObject,Whitethroat,440254,201774
System.__ComObject,Whitethroat,440728,201765
System.__ComObject,Whitethroat,473800,179700
System.__ComObject,Whitethroat,440528,202198
System.__ComObject,Whitethroat,440156,201779
System.__ComObject,Whitethroat,440416,201124
System.__ComObject,Whitethroat,457000,212800
System.__ComObject,Whitethroat,457000,212800
System.__ComObject,Whitethroat,464000,188800
System.__ComObject,Whitethroat,438800,187000
System.__ComObject,Whitethroat,438300,243400
System.__ComObject,Whitethroat,460200,225000
System.__ComObject,Whitethroat,460200,225000
System.__ComObject,Whitethroat,426600,211400
System.__ComObject,Whitethroat,448790,209910
System.__ComObject,Whitethroat,442830,219640
System.__ComObject,Whitethroat,440250,202114
System.__ComObject,Whitethroat,440278,202197
System.__ComObject,Whitethroat,440357,202277
System.__ComObject,Whitethroat,451300,210230
System.__ComObject,Whitethroat,439581,202534
System.__ComObject,Whitethroat,439503,202623
System.__ComObject,Whitethroat,439490,202600
System.__ComObject,Whitethroat,440158,201589
System.__ComObject,Whitethroat,439878,202411
System.__ComObject,Whitethroat,440387,201386
System.__ComObject,Whitethroat,440378,201296
System.__ComObject,Whitethroat,440526,200457
System.__ComObject,Whitethroat,460200,225000
System.__ComObject,Whitethroat,460300,194300
System.__ComObject,Whitethroat,441000,243000
System.__ComObject,Whitethroat,460200,225000
System.__ComObject,Whitethroat,452400,203500
System.__ComObject,Whitethroat,452400,203500
System.__ComObject,Whitethroat,434888,199905
System.__ComObject,Whitethroat,452400,203500
System.__ComObject,Whitethroat,452400,203500
System.__ComObject,Whitethroat,452400,203500
System.__ComObject,Whitethroat,452400,203500
System.__ComObject,Whitethroat,459019,214294
System.__ComObject,Whitethroat,435628,201115
System.__ComObject,Whitethroat,483863,162845
System.__ComObject,Whitethroat,483984,162752
System.__ComObject,Whitethroat,460111,185498
System.__ComObject,Whitethroat,460097,185491
System.__ComObject,Whitethroat,460780,210970
System.__ComObject,Whitethroat,460600,211100
System.__ComObject,Whitethroat,460600,211100
System.__ComObject,Whitethroat,452400,203500
System.__ComObject,Whitethroat,452400,203500
System.__ComObject,Whitethroat,452400,203500
System.__ComObject,Whitethroat,452400,203500
System.__ComObject,Whitethroat,452400,203500
System.__ComObject,Whitethroat,452400,203500
System.__ComObject,Whitethroat,444400,183500
System.__ComObject,Whitethroat,435100,214700
System.__ComObject,Whitethroat,435100,214700
System.__ComObject,Whitethroat,440343,202232
System.__ComObject,Whitethroat,440377,202234
System.__ComObject,Whitethroat,456000,206500
System.__ComObject,Whitethroat,440600,201582
System.__ComObject,Whitethroat,439849,202378
System.__ComObject,Whitethroat,440095,200620
System.__ComObject,Whitethroat,444200,234100
System.__ComObject,Whitethroat,424400,206800
System.__ComObject,Whitethroat,424940,206780
System.__ComObject,Whitethroat,424840,206570
System.__ComObject,Whitethroat,424430,206890
System.__ComObject,Whitethroat,441800,241400
System.__ComObject,Whitethroat,445900,242200
System.__ComObject,Whitethroat,459300,210000
System.__ComObject,Whitethroat,452300,203200
System.__ComObject,Whitethroat,455500,209600
System.__ComObject,Whitethroat,442200,235400
System.__ComObject,Whitethroat,472000,188000
System.__ComObject,Whitethroat,473500,174500
System.__ComObject,Whitethroat,439500,184800
System.__ComObject,Whitethroat,452300,204600
System.__ComObject,Whitethroat,456300,217500
System.__ComObject,Whitethroat,442500,235500
System.__ComObject,Whitethroat,448400,217800
System.__ComObject,Whitethroat,446900,221100
System.__ComObject,Whitethroat,456500,206200
System.__ComObject,Whitethroat,445200,199600
System.__ComObject,Whitethroat,451800,193000
System.__ComObject,Whitethroat,446700,199500
System.__ComObject,Whitethroat,450000,192000
System.__ComObject,Whitethroat,423600,215100
System.__ComObject,Whitethroat,448700,210700
System.__ComObject,Whitethroat,448700,210700
System.__ComObject,Whitethroat,450400,208000
System.__ComObject,Whitethroat,448500,217500
System.__ComObject,Whitethroat,425800,214000
System.__ComObject,Whitethroat,454100,212600
System.__ComObject,Whitethroat,441300,200400
System.__ComObject,Whitethroat,440100,213600
System.__ComObject,Whitethroat,440100,213600
System.__ComObject,Whitethroat,476600,200500
System.__ComObject,Whitethroat,425000,220500
System.__ComObject,Whitethroat,446700,201200
System.__ComObject,Whitethroat,473000,197000
System.__ComObject,Whitethroat,455600,209600
System.__ComObject,Whitethroat,455400,197000
System.__ComObject,Whitethroat,472300,195700
System.__ComObject,Whitethroat,459500,183600
System.__ComObject,Whitethroat,451200,202200
System.__ComObject,Whitethroat,443000,191600
System.__ComObject,Whitethroat,447500,217500
System.__ComObject,Whitethroat,450500,186500
System.__ComObject,Whitethroat,470200,205700
System.__ComObject,Whitethroat,425000,220500
System.__ComObject,Whitethroat,449400,205500
System.__ComObject,Whitethroat,425200,223200
System.__ComObject,Whitethroat,457300,192900
System.__ComObject,Whitethroat,457000,213400
System.__ComObject,Whitethroat,457900,195400
System.__ComObject,Whitethroat,455500,206600
System.__ComObject,Whitethroat,451700,228700
System.__ComObject,Whitethroat,425000,220500
System.__ComObject,Whitethroat,457000,192800
System.__ComObject,Whitethroat,447300,210900
System.__ComObject,Whitethroat,472000,188000
System.__ComObject,Whitethroat,457700,220900
System.__ComObject,Whitethroat,456000,205400
System.__ComObject,Whitethroat,456700,205900
System.__ComObject,Whitethroat,449000,208500
System.__ComObject,Whitethroat,453300,204700
System.__ComObject,Whitethroat,471800,187900
System.__ComObject,Whitethroat,471800,187900
System.__ComObject,Whitethroat,435340,201130
System.__ComObject,Whitethroat,478500,175700
System.__ComObject,Whitethroat,436200,209500
System.__ComObject,Whitethroat,436200,209500
System.__ComObject,Whitethroat,447300,210900
System.__ComObject,Whitethroat,447300,210900
System.__ComObject,Whitethroat,447300,210900
System.__ComObject,Whitethroat,446950,225840
System.__ComObject,Whitethroat,457700,220900
System.__ComObject,Whitethroat,457700,220900
System.__ComObject,Whitethroat,452200,205400
System.__ComObject,Whitethroat,471800,187900
System.__ComObject,Whitethroat,471800,187900
System.__ComObject,Whitethroat,471800,187900
System.__ComObject,Whitethroat,453000,198000
System.__ComObject,Whitethroat,454250,212530
System.__ComObject,Whitethroat,453000,198000
System.__ComObject,Whitethroat,451300,196900
System.__ComObject,Whitethroat,451300,196900
System.__ComObject,Whitethroat,472300,187400
System.__ComObject,Whitethroat,455270,209500
System.__ComObject,Whitethroat,471000,188100
System.__ComObject,Whitethroat,453000,198000
System.__ComObject,Whitethroat,453000,198000
System.__ComObject,Whitethroat,452400,203500
System.__ComObject,Whitethroat,471800,187900
System.__ComObject,Whitethroat,456000,205400
System.__ComObject,Whitethroat,457100,205500
System.__ComObject,Whitethroat,452400,203500
System.__ComObject,Whitethroat,452400,203500
System.__ComObject,Whitethroat,452400,203500
System.__ComObject,Whitethroat,455700,205300
System.__ComObject,Whitethroat,452400,203500
System.__ComObject,Whitethroat,452400,203500
System.__ComObject,Whitethroat,456500,199500
System.__ComObject,Whitethroat,456700,205900
System.__ComObject,Whitethroat,472000,188000
System.__ComObject,Whitethroat,449500,212100
System.__ComObject,Whitethroat,451300,204800
System.__ComObject,Whitethroat,457000,199600
System.__ComObject,Whitethroat,456700,205900
System.__ComObject,Whitethroat,456000,205400
System.__ComObject,Whitethroat,456700,205900
System.__ComObject,Whitethroat,472000,188000
System.__ComObject,Whitethroat,460330,214360
System.__ComObject,Whitethroat,456700,205900
System.__ComObject,Whitethroat,456900,205800
System.__ComObject,Whitethroat,456700,205900
System.__ComObject,Whitethroat,456600,205400
System.__ComObject,Whitethroat,444200,234100
System.__ComObject,Whitethroat,456700,205900
System.__ComObject,Whitethroat,452400,203500
System.__ComObject,Whitethroat,456500,205500
System.__ComObject,Whitethroat,456500,205800
System.__ComObject,Whitethroat,455900,205800
System.__ComObject,Whitethroat,456900,205600
System.__ComObject,Whitethroat,460330,214360
System.__ComObject,Whitethroat,456700,205900
System.__ComObject,Whitethroat,456700,205900
System.__ComObject,Whitethroat,456700,205900
System.__ComObject,Whitethroat,462440,201140
System.__ComObject,Whitethroat,472000,188000
System.__ComObject,Whitethroat,472300,187400
System.__ComObject,Whitethroat,425200,220350
System.__ComObject,Whitethroat,451210,198010
System.__ComObject,Whitethroat,451210,198010
System.__ComObject,Whitethroat,460170,185630
System.__ComObject,Whitethroat,451180,198020
System.__ComObject,Whitethroat,459250,213930
System.__ComObject,Whitethroat,459250,213930
System.__ComObject,Whitethroat,459250,213930
System.__ComObject,Whitethroat,459250,213930
System.__ComObject,Whitethroat,460170,185630
System.__ComObject,Whitethroat,460170,185630
System.__ComObject,Whitethroat,460170,185630
System.__ComObject,Whitethroat,460170,185630
System.__ComObject,Whitethroat,460170,185630
System.__ComObject,Whitethroat,460170,185630
System.__ComObject,Whitethroat,460170,185630
System.__ComObject,Whitethroat,452310,203700
System.__ComObject,Whitethroat,452310,203700
System.__ComObject,Whitethroat,452310,203700
System.__ComObject,Whitethroat,452310,203700
System.__ComObject,Whitethroat,436680,200420
System.__ComObject,Whitethroat,423960,189940
System.__ComObject,Whitethroat,459250,213930
System.__ComObject,Whitethroat,459250,213930
System.__ComObject,Whitethroat,459250,213930
System.__ComObject,Whitethroat,436630,201100
System.__ComObject,Whitethroat,436630,201100
System.__ComObject,Whitethroat,435340,201130
System.__ComObject,Whitethroat,437150,200560
System.__ComObject,Whitethroat,437150,200560
System.__ComObject,Whitethroat,437150,200560
System.__ComObject,Whitethroat,437150,200560
System.__ComObject,Whitethroat,460170,185630
System.__ComObject,Whitethroat,460170,185630
System.__ComObject,Whitethroat,460170,185630
System.__ComObject,Whitethroat,453760,227240
System.__ComObject,Whitethroat,459250,213930
System.__ComObject,Whitethroat,436630,201100
System.__ComObject,Whitethroat,436630,201100
System.__ComObject,Whitethroat,474400,175900
System.__ComObject,Whitethroat,446700,199500
System.__ComObject,Whitethroat,455600,209600
System.__ComObject,Whitethroat,446800,201100
System.__ComObject,Whitethroat,476500,177900
System.__ComObject,Whitethroat,470300,206300
System.__ComObject,Whitethroat,435600,231050
System.__ComObject,Whitethroat,457000,212800
System.__ComObject,Whitethroat,457000,212800
System.__ComObject,Whitethroat,462100,177900
System.__ComObject,Whitethroat,478450,175690
System.__ComObject,Whitethroat,478450,175690
System.__ComObject,Whitethroat,463800,165700
System.__ComObject,Whitethroat,462000,172200
System.__ComObject,Whitethroat,470400,173800
System.__ComObject,Whitethroat,473400,167300
System.__ComObject,Whitethroat,445300,167700
System.__ComObject,Whitethroat,444300,167500
System.__ComObject,Whitethroat,470700,170500
System.__ComObject,Whitethroat,481900,179500
System.__ComObject,Whitethroat,473700,171700
System.__ComObject,Whitethroat,478200,180400
System.__ComObject,Whitethroat,494300,168800
System.__ComObject,Whitethroat,455330,181230
System.__ComObject,Whitethroat,472600,171700
System.__ComObject,Whitethroat,489400,173600
System.__ComObject,Whitethroat,461200,163500
System.__ComObject,Whitethroat,468700,170300
System.__ComObject,Whitethroat,477000,168000
System.__ComObject,Whitethroat,489500,184000
System.__ComObject,Whitethroat,482900,161300
System.__ComObject,Whitethroat,442500,166500
System.__ComObject,Whitethroat,463200,169600
System.__ComObject,Whitethroat,465200,177200
System.__ComObject,Whitethroat,446000,167300
System.__ComObject,Whitethroat,455300,180800
System.__ComObject,Whitethroat,489360,173870
System.__ComObject,Whitethroat,481260,182050
System.__ComObject,Whitethroat,489400,173600
System.__ComObject,Whitethroat,489100,174500
System.__ComObject,Whitethroat,489400,173600
System.__ComObject,Whitethroat,489100,174500
System.__ComObject,Whitethroat,463800,173760
System.__ComObject,Whitethroat,481300,182000
System.__ComObject,Whitethroat,463800,173760
System.__ComObject,Whitethroat,461090,163400
System.__ComObject,Whitethroat,484400,162800
System.__ComObject,Whitethroat,478500,175700
System.__ComObject,Whitethroat,468700,170300
System.__ComObject,Whitethroat,481400,162300
System.__ComObject,Whitethroat,470300,174500
System.__ComObject,Whitethroat,463430,174040
System.__ComObject,Whitethroat,485300,176400
System.__ComObject,Whitethroat,466250,177170
System.__ComObject,Whitethroat,445200,169220
System.__ComObject,Whitethroat,445200,169220
System.__ComObject,Whitethroat,477600,178300
System.__ComObject,Whitethroat,463670,174090
System.__ComObject,Whitethroat,463800,173760
System.__ComObject,Whitethroat,469860,171170
System.__ComObject,Whitethroat,478500,175000
System.__ComObject,Whitethroat,478200,180400
System.__ComObject,Whitethroat,478000,172000
System.__ComObject,Whitethroat,478450,175690
System.__ComObject,Whitethroat,432880,182870
System.__ComObject,Whitethroat,502300,175900
System.__ComObject,Whitethroat,502300,175900
System.__ComObject,Whitethroat,502300,175900
System.__ComObject,Whitethroat,469700,171700
System.__ComObject,Whitethroat,481000,162200
System.__ComObject,Whitethroat,436100,182300
System.__ComObject,Whitethroat,434600,181600
System.__ComObject,Whitethroat,434100,180500
System.__ComObject,Whitethroat,481400,162300
System.__ComObject,Whitethroat,489400,182900
System.__ComObject,Whitethroat,478450,175690
System.__ComObject,Whitethroat,490500,171900
System.__ComObject,Whitethroat,481260,182050
System.__ComObject,Whitethroat,438660,166280
System.__ComObject,Whitethroat,471200,171300
System.__ComObject,Whitethroat,469700,171700
System.__ComObject,Whitethroat,470200,171800
System.__ComObject,Whitethroat,469500,171300
System.__ComObject,Whitethroat,472900,170500
System.__ComObject,Whitethroat,468300,171400
System.__ComObject,Whitethroat,464700,174000
System.__ComObject,Whitethroat,484200,162700
System.__ComObject,Whitethroat,484200,162700
System.__ComObject,Whitethroat,484200,162700
System.__ComObject,Whitethroat,468800,171100
System.__ComObject,Whitethroat,469200,171200
System.__ComObject,Whitethroat,468100,174700
System.__ComObject,Whitethroat,470300,174500
System.__ComObject,Whitethroat,486500,167300
System.__ComObject,Whitethroat,490200,171700
System.__ComObject,Whitethroat,483500,176400
System.__ComObject,Whitethroat,450800,165500
System.__ComObject,Whitethroat,485300,171400
System.__ComObject,Whitethroat,484650,163220
System.__ComObject,Whitethroat,484310,162820
System.__ComObject,Whitethroat,484310,162820
System.__ComObject,Whitethroat,484310,162820
System.__ComObject,Whitethroat,484310,162820
System.__ComObject,Whitethroat,484310,162820
System.__ComObject,Whitethroat,484310,162820
System.__ComObject,Whitethroat,484310,162820
System.__ComObject,Whitethroat,484310,162820
System.__ComObject,Whitethroat,482200,161900
System.__ComObject,Whitethroat,477100,167300
System.__ComObject,Whitethroat,445200,169220
System.__ComObject,Whitethroat,445200,169200
System.__ComObject,Whitethroat,436318,200778
System.__ComObject,Whitethroat,435628,201115
System.__ComObject,Whitethroat,463684,220024
System.__ComObject,Whitethroat,433080,177170
System.__ComObject,Whitethroat,485800,168700
System.__ComObject,Whitethroat,438150,164100
System.__ComObject,Whitethroat,484310,162820
System.__ComObject,Whitethroat,436244,201360
System.__ComObject,Whitethroat,436244,201010
System.__ComObject,Whitethroat,460097,185491
System.__ComObject,Whitethroat,478000,172000
System.__ComObject,Whitethroat,436970,163990
System.__ComObject,Whitethroat,485750,168740
System.__ComObject,Whitethroat,494000,169100
System.__ComObject,Whitethroat,446000,168700
System.__ComObject,Whitethroat,438660,166280
System.__ComObject,Whitethroat,445200,169220
System.__ComObject,Whitethroat,464030,173850
System.__ComObject,Whitethroat,464030,173850
System.__ComObject,Whitethroat,464700,169700
System.__ComObject,Whitethroat,433320,168780
System.__ComObject,Whitethroat,484310,162820
System.__ComObject,Whitethroat,484310,162820
System.__ComObject,Whitethroat,470700,170500
System.__ComObject,Whitethroat,489360,173870
System.__ComObject,Whitethroat,469200,171200
System.__ComObject,Whitethroat,433320,168780
System.__ComObject,Whitethroat,433320,168780
System.__ComObject,Whitethroat,445200,169220
System.__ComObject,Whitethroat,445200,169220
System.__ComObject,Whitethroat,445200,169220
System.__ComObject,Whitethroat,445200,169220
System.__ComObject,Whitethroat,463800,173760
System.__ComObject,Whitethroat,463800,173760
System.__ComObject,Whitethroat,463700,174000
System.__ComObject,Whitethroat,445200,169220
System.__ComObject,Whitethroat,463800,173760
System.__ComObject,Whitethroat,463800,173760
System.__ComObject,Whitethroat,463800,173760
System.__ComObject,Whitethroat,478450,175690
System.__ComObject,Whitethroat,438150,164100
System.__ComObject,Whitethroat,438150,164100
System.__ComObject,Whitethroat,437000,164000
System.__ComObject,Whitethroat,433320,168780
System.__ComObject,Whitethroat,478450,175690
System.__ComObject,Whitethroat,478450,175690
System.__ComObject,Whitethroat,478450,175690
System.__ComObject,Whitethroat,453600,169300
System.__ComObject,Whitethroat,464053,219964
System.__ComObject,Whitethroat,435586,201300
System.__ComObject,Whitethroat,435147,199623
System.__ComObject,Whitethroat,435366,199653
System.__ComObject,Whitethroat,437137,200811
System.__ComObject,Whitethroat,435908,200959
System.__ComObject,Whitethroat,435586,201300
System.__ComObject,Whitethroat,484385,162476
System.__ComObject,Whitethroat,484485,162686
System.__ComObject,Whitethroat,484591,162872
System.__ComObject,Whitethroat,484701,162992
System.__ComObject,Whitethroat,484701,162992
System.__ComObject,Whitethroat,464182,219954
System.__ComObject,Whitethroat,436813,201334
System.__ComObject,Whitethroat,461600,179500
System.__ComObject,Whitethroat,461600,179600
System.__ComObject,Whitethroat,459600,216900
System.__ComObject,Whitethroat,459600,166800
System.__ComObject,Whitethroat,459600,166800
System.__ComObject,Whitethroat,434888,199905
System.__ComObject,Whitethroat,463684,220024
System.__ComObject,Whitethroat,463883,219994
System.__ComObject,Whitethroat,436656,200344
System.__ComObject,Whitethroat,436120,200757
System.__ComObject,Whitethroat,435387,201220
System.__ComObject,Whitethroat,460097,185491
System.__ComObject,Whitethroat,462364,201619
System.__ComObject,Whitethroat,462518,201358
System.__ComObject,Whitethroat,436592,201187
System.__ComObject,Whitethroat,436658,201125
System.__ComObject,Whitethroat,435999,201519
System.__ComObject,Whitethroat,458885,214188
System.__ComObject,Whitethroat,435290,200249
System.__ComObject,Whitethroat,435340,200574
System.__ComObject,Whitethroat,459019,214294
System.__ComObject,Whitethroat,459296,214135
System.__ComObject,Whitethroat,460097,185491
System.__ComObject,Whitethroat,459918,185384
System.__ComObject,Whitethroat,466480,219940
System.__ComObject,Whitethroat,463684,220024
System.__ComObject,Whitethroat,463883,219994
System.__ComObject,Whitethroat,463883,219994
System.__ComObject,Whitethroat,460297,185658
System.__ComObject,Whitethroat,435857,200965
System.__ComObject,Whitethroat,463684,220024
System.__ComObject,Whitethroat,463457,219994
System.__ComObject,Whitethroat,436669,200872
System.__ComObject,Whitethroat,433332,168724
System.__ComObject,Whitethroat,459600,166800
System.__ComObject,Whitethroat,459600,166800
System.__ComObject,Whitethroat,436658,201125
System.__ComObject,Whitethroat,436392,201577
System.__ComObject,Whitethroat,435876,200956
System.__ComObject,Whitethroat,462518,201358
System.__ComObject,Whitethroat,436479,200475
System.__ComObject,Whitethroat,436290,200995
System.__ComObject,Whitethroat,460111,185498
System.__ComObject,Whitethroat,459019,214294
System.__ComObject,Whitethroat,459429,213810
System.__ComObject,Whitethroat,459147,213985
System.__ComObject,Whitethroat,436392,201577
System.__ComObject,Whitethroat,436580,201555
System.__ComObject,Whitethroat,464053,219964
System.__ComObject,Whitethroat,435857,200965
System.__ComObject,Whitethroat,435147,199623
System.__ComObject,Whitethroat,435404,199914
System.__ComObject,Whitethroat,459600,166800
System.__ComObject,Whitethroat,451800,197700
System.__ComObject,Whitethroat,455800,205800
System.__ComObject,Whitethroat,455700,205300
System.__ComObject,Whitethroat,459660,166860
System.__ComObject,Whitethroat,459660,166860
System.__ComObject,Whitethroat,459660,166860
System.__ComObject,Whitethroat,459660,166860
System.__ComObject,Whitethroat,489360,173870
System.__ComObject,Whitethroat,489360,173870
System.__ComObject,Whitethroat,484310,162820
System.__ComObject,Whitethroat,485400,162800
System.__ComObject,Whitethroat,464053,219964
System.__ComObject,Whitethroat,460411,214178
System.__ComObject,Whitethroat,435586,201300
System.__ComObject,Whitethroat,459296,214135
System.__ComObject,Whitethroat,459736,185260
System.__ComObject,Whitethroat,435876,200956
System.__ComObject,Whitethroat,436690,200427
System.__ComObject,Whitethroat,449800,215000
System.__ComObject,Whitethroat,436244,201010
System.__ComObject,Whitethroat,435580,200561
System.__ComObject,Whitethroat,436658,201125
System.__ComObject,Whitethroat,435628,201115
System.__ComObject,Whitethroat,481400,162300
System.__ComObject,Whitethroat,464182,219954
System.__ComObject,Whitethroat,460111,185498
System.__ComObject,Whitethroat,436290,200995
System.__ComObject,Whitethroat,436290,200995
System.__ComObject,Whitethroat,436290,200995
System.__ComObject,Whitethroat,436399,201183
System.__ComObject,Whitethroat,435857,200965
System.__ComObject,Whitethroat,436669,200872
System.__ComObject,Whitethroat,462640,201151
System.__ComObject,Whitethroat,426148,220791
System.__ComObject,Whitethroat,435908,200959
System.__ComObject,Whitethroat,436108,200980
System.__ComObject,Whitethroat,436806,201011
System.__ComObject,Whitethroat,484385,162476
System.__ComObject,Whitethroat,484485,162686
System.__ComObject,Whitethroat,484591,162872
System.__ComObject,Whitethroat,484701,162992
System.__ComObject,Whitethroat,459429,213810
System.__ComObject,Whitethroat,460111,185498
System.__ComObject,Whitethroat,436669,200872
System.__ComObject,Whitethroat,435521,200474
System.__ComObject,Whitethroat,436580,201555
System.__ComObject,Whitethroat,436543,201361
System.__ComObject,Whitethroat,435586,201300
System.__ComObject,Whitethroat,435628,201115
System.__ComObject,Whitethroat,463684,220024
System.__ComObject,Whitethroat,463883,219994
System.__ComObject,Whitethroat,463883,219994
System.__ComObject,Whitethroat,463883,219994
System.__ComObject,Whitethroat,436244,201010
System.__ComObject,Whitethroat,437137,200811
System.__ComObject,Whitethroat,484414,163148
System.__ComObject,Whitethroat,435628,201115
System.__ComObject,Whitethroat,453713,227398
System.__ComObject,Whitethroat,453569,227254
System.__ComObject,Whitethroat,460297,185658
System.__ComObject,Whitethroat,434849,200142
System.__ComObject,Whitethroat,436492,200865
System.__ComObject,Whitethroat,463883,219994
System.__ComObject,Whitethroat,463684,220024
System.__ComObject,Whitethroat,464053,219964
System.__ComObject,Whitethroat,485150,162917
System.__ComObject,Whitethroat,436479,200475
System.__ComObject,Whitethroat,483984,162752
System.__ComObject,Whitethroat,459520,214007
System.__ComObject,Whitethroat,459483,213735
System.__ComObject,Whitethroat,453569,227254
System.__ComObject,Whitethroat,459019,214294
System.__ComObject,Whitethroat,459019,214294
System.__ComObject,Whitethroat,434849,200142
System.__ComObject,Whitethroat,459736,185260
System.__ComObject,Whitethroat,433327,168727
System.__ComObject,Whitethroat,464182,219954
System.__ComObject,Whitethroat,435999,201519
System.__ComObject,Whitethroat,436244,201360
System.__ComObject,Whitethroat,435404,199914
System.__ComObject,Whitethroat,436703,200788
System.__ComObject,Whitethroat,436392,201577
System.__ComObject,Whitethroat,464053,219964
System.__ComObject,Whitethroat,463883,219994
System.__ComObject,Whitethroat,458885,214188
System.__ComObject,Whitethroat,458885,214188
System.__ComObject,Whitethroat,459414,213838
System.__ComObject,Whitethroat,464053,219964
System.__ComObject,Whitethroat,460097,185491
System.__ComObject,Whitethroat,436656,200344
System.__ComObject,Whitethroat,436108,200980
System.__ComObject,Whitethroat,436543,201361
System.__ComObject,Whitethroat,436543,201361
System.__ComObject,Whitethroat,476974,175017
System.__ComObject,Whitethroat,459314,213994
System.__ComObject,Whitethroat,459147,213985
System.__ComObject,Whitethroat,462614,218996
System.__ComObject,Whitethroat,462614,218996
System.__ComObject,Whitethroat,435495,200845
System.__ComObject,Whitethroat,435305,200773
System.__ComObject,Whitethroat,436703,200788
System.__ComObject,Whitethroat,464053,219964
System.__ComObject,Whitethroat,435001,199812
System.__ComObject,Whitethroat,484701,162992
System.__ComObject,Whitethroat,459314,213994
System.__ComObject,Whitethroat,436479,200475
System.__ComObject,Whitethroat,436479,200475
System.__ComObject,Whitethroat,460527,185987
System.__ComObject,Whitethroat,435888,200654
System.__ComObject,Whitethroat,462640,201151
System.__ComObject,Whitethroat,435495,200845
System.__ComObject,Whitethroat,435340,200574
System.__ComObject,Whitethroat,459019,214294
System.__ComObject,Whitethroat,437137,200811
System.__ComObject,Whitethroat,435876,200956
System.__ComObject,Whitethroat,459019,214294
System.__ComObject,Whitethroat,459247,214096
System.__ComObject,Whitethroat,436479,200475
System.__ComObject,Whitethroat,462279,200654
System.__ComObject,Whitethroat,459247,214096
System.__ComObject,Whitethroat,436120,200757
System.__ComObject,Whitethroat,435908,200959
System.__ComObject,Whitethroat,436108,200980
System.__ComObject,Whitethroat,436399,201183
System.__ComObject,Whitethroat,436345,201443
System.__ComObject,Whitethroat,463684,220024
System.__ComObject,Whitethroat,463684,220024
System.__ComObject,Whitethroat,460111,185498
System.__ComObject,Whitethroat,459736,185260
System.__ComObject,Whitethroat,460532,214022
System.__ComObject,Whitethroat,437137,200811
System.__ComObject,Whitethroat,459296,214135
System.__ComObject,Whitethroat,458885,214188
System.__ComObject,Whitethroat,436108,200980
System.__ComObject,Whitethroat,459918,185384
System.__ComObject,Whitethroat,435340,200574
System.__ComObject,Whitethroat,453713,227398
System.__ComObject,Whitethroat,453817,227274
System.__ComObject,Whitethroat,453782,227088
System.__ComObject,Whitethroat,436813,201334
System.__ComObject,Whitethroat,437088,201368
System.__ComObject,Whitethroat,436945,201217
System.__ComObject,Whitethroat,436479,200475
System.__ComObject,Whitethroat,436592,201187
System.__ComObject,Whitethroat,437088,201368
System.__ComObject,Whitethroat,464053,219964
System.__ComObject,Whitethroat,464182,219954
System.__ComObject,Whitethroat,453782,227088
System.__ComObject,Whitethroat,481000,162200
System.__ComObject,Whitethroat,481000,162200
System.__ComObject,Whitethroat,463982,173699
System.__ComObject,Whitethroat,463684,220024
System.__ComObject,Whitethroat,459429,213810
System.__ComObject,Whitethroat,436580,201555
System.__ComObject,Whitethroat,436543,201361
System.__ComObject,Whitethroat,436592,201187
System.__ComObject,Whitethroat,436658,201125
System.__ComObject,Whitethroat,463883,219994
System.__ComObject,Whitethroat,481000,162200
System.__ComObject,Whitethroat,459429,213810
System.__ComObject,Whitethroat,459147,213985
System.__ComObject,Whitethroat,436543,201361
System.__ComObject,Whitethroat,435340,200574
System.__ComObject,Whitethroat,435857,200965
System.__ComObject,Whitethroat,433327,168727
System.__ComObject,Whitethroat,435999,201519
System.__ComObject,Whitethroat,435876,200956
System.__ComObject,Whitethroat,464053,219964
System.__ComObject,Whitethroat,435908,200959
System.__ComObject,Whitethroat,436108,200980
System.__ComObject,Whitethroat,435586,201300
System.__ComObject,Whitethroat,435999,201519
System.__ComObject,Whitethroat,462640,201151
System.__ComObject,Whitethroat,436399,201183
System.__ComObject,Whitethroat,436345,201443
System.__ComObject,Whitethroat,436543,201361
System.__ComObject,Whitethroat,436592,201187
System.__ComObject,Whitethroat,435999,201519
System.__ComObject,Whitethroat,464053,219964
System.__ComObject,Whitethroat,460297,185658
System.__ComObject,Whitethroat,464182,219954
System.__ComObject,Whitethroat,435908,200959
System.__ComObject,Whitethroat,460447,185873
System.__ComObject,Whitethroat,462141,201199
System.__ComObject,Whitethroat,460302,214418
System.__ComObject,Whitethroat,463837,173571
System.__ComObject,Whitethroat,463558,173803
System.__ComObject,Whitethroat,459736,185260
System.__ComObject,Whitethroat,435399,201248
System.__ComObject,Whitethroat,484591,162872
System.__ComObject,Whitethroat,436806,201011
System.__ComObject,Whitethroat,436244,201360
System.__ComObject,Whitethroat,436703,200788
System.__ComObject,Whitethroat,436703,200788
System.__ComObject,Whitethroat,462141,201199
System.__ComObject,Whitethroat,464053,219964
System.__ComObject,Whitethroat,484385,162476
System.__ComObject,Whitethroat,484591,162872
System.__ComObject,Whitethroat,435857,200965
System.__ComObject,Whitethroat,460111,185498
System.__ComObject,Whitethroat,464182,219954
System.__ComObject,Whitethroat,435495,200845
System.__ComObject,Whitethroat,459918,185384
System.__ComObject,Whitethroat,463684,220024
System.__ComObject,Whitethroat,463883,219994
System.__ComObject,Whitethroat,435340,200574
System.__ComObject,Whitethroat,437051,164091
System.__ComObject,Whitethroat,437051,164091
System.__ComObject,Whitethroat,459520,214007
System.__ComObject,Whitethroat,459483,213735
System.__ComObject,Whitethroat,435908,200959
System.__ComObject,Whitethroat,435586,201300
System.__ComObject,Whitethroat,435999,201519
System.__ComObject,Whitethroat,460447,185873
System.__ComObject,Whitethroat,460527,185987
System.__ComObject,Whitethroat,436244,201010
System.__ComObject,Whitethroat,435857,200965
System.__ComObject,Whitethroat,435586,201300
System.__ComObject,Whitethroat,436656,200344
System.__ComObject,Whitethroat,436656,200344
System.__ComObject,Whitethroat,459483,213735
System.__ComObject,Whitethroat,435908,200959
System.__ComObject,Whitethroat,436108,200980
System.__ComObject,Whitethroat,435999,201519
System.__ComObject,Whitethroat,435586,201300
System.__ComObject,Whitethroat,463837,173571
System.__ComObject,Whitethroat,435387,201220
System.__ComObject,Whitethroat,436108,200980
System.__ComObject,Whitethroat,435001,199812
System.__ComObject,Whitethroat,435147,199623
System.__ComObject,Whitethroat,464053,219964
System.__ComObject,Whitethroat,459736,185260
System.__ComObject,Whitethroat,453713,227398
System.__ComObject,Whitethroat,436399,201183
System.__ComObject,Whitethroat,436703,200788
System.__ComObject,Whitethroat,435908,200959
System.__ComObject,Whitethroat,464053,219964
System.__ComObject,Whitethroat,436120,200757
System.__ComObject,Whitethroat,460196,214524
System.__ComObject,Whitethroat,462099,200849
System.__ComObject,Whitethroat,462141,201199
System.__ComObject,Whitethroat,463991,173385
System.__ComObject,Whitethroat,463837,173571
System.__ComObject,Whitethroat,463558,173803
System.__ComObject,Whitethroat,459147,213985
System.__ComObject,Whitethroat,460297,185658
System.__ComObject,Whitethroat,462518,201358
System.__ComObject,Whitethroat,459019,214294
System.__ComObject,Whitethroat,459296,214135
System.__ComObject,Whitethroat,460754,213903
System.__ComObject,Whitethroat,460527,185987
System.__ComObject,Whitethroat,459520,222670
System.__ComObject,Whitethroat,460280,214430
System.__ComObject,Whitethroat,462500,201000
System.__ComObject,Whitethroat,462500,201000
System.__ComObject,Whitethroat,462500,201000
System.__ComObject,Whitethroat,465720,219970
System.__ComObject,Whitethroat,465720,219970
System.__ComObject,Whitethroat,465720,219970
System.__ComObject,Whitethroat,465720,219970
System.__ComObject,Whitethroat,465720,219970
System.__ComObject,Whitethroat,465720,219970
System.__ComObject,Whitethroat,465720,219970
System.__ComObject,Whitethroat,465720,219970
System.__ComObject,Whitethroat,465720,219970
System.__ComObject,Whitethroat,439550,246630
System.__ComObject,Whitethroat,466480,219940
System.__ComObject,Whitethroat,462640,201151
System.__ComObject,Whitethroat,434849,200142
System.__ComObject,Whitethroat,436580,201555
System.__ComObject,Whitethroat,436543,201361
System.__ComObject,Whitethroat,453817,227274
System.__ComObject,Whitethroat,453782,227088
System.__ComObject,Whitethroat,460447,185873
System.__ComObject,Whitethroat,460527,185987
System.__ComObject,Whitethroat,458885,214188
System.__ComObject,Whitethroat,463684,220024
System.__ComObject,Whitethroat,466480,219940
System.__ComObject,Whitethroat,460111,185498
System.__ComObject,Whitethroat,462141,201199
System.__ComObject,Whitethroat,462364,201619
System.__ComObject,Whitethroat,464053,219964
System.__ComObject,Whitethroat,436669,200872
System.__ComObject,Whitethroat,460111,185498
System.__ComObject,Whitethroat,462141,201199
System.__ComObject,Whitethroat,459520,214007
System.__ComObject,Whitethroat,435340,200574
System.__ComObject,Whitethroat,459918,185384
System.__ComObject,Whitethroat,436543,201361
System.__ComObject,Whitethroat,460111,185498
System.__ComObject,Whitethroat,460097,185491
System.__ComObject,Whitethroat,436108,200980
System.__ComObject,Whitethroat,436543,201361
System.__ComObject,Whitethroat,459483,213735
System.__ComObject,Whitethroat,459400,213506
System.__ComObject,Whitethroat,436479,200475
System.__ComObject,Whitethroat,460111,185498
System.__ComObject,Whitethroat,459736,185260
System.__ComObject,Whitethroat,435999,201519
System.__ComObject,Whitethroat,462141,201199
System.__ComObject,Whitethroat,462364,201619
System.__ComObject,Whitethroat,459414,213838
System.__ComObject,Whitethroat,437176,200552
System.__ComObject,Whitethroat,462518,201358
System.__ComObject,Whitethroat,464053,219964
System.__ComObject,Whitethroat,435908,200959
System.__ComObject,Whitethroat,435376,200464
System.__ComObject,Whitethroat,459918,185384
System.__ComObject,Whitethroat,436108,200980
System.__ComObject,Whitethroat,435876,200956
System.__ComObject,Whitethroat,435399,201248
System.__ComObject,Whitethroat,460719,213781
System.__ComObject,Whitethroat,453569,227254
System.__ComObject,Whitethroat,433332,168724
System.__ComObject,Whitethroat,435399,201248
System.__ComObject,Whitethroat,435908,200959
System.__ComObject,Whitethroat,436543,201361
System.__ComObject,Whitethroat,464182,219954
System.__ComObject,Whitethroat,460297,185658
System.__ComObject,Whitethroat,460447,185873
System.__ComObject,Whitethroat,460527,185987
System.__ComObject,Whitethroat,459966,214967
System.__ComObject,Whitethroat,459870,214827
System.__ComObject,Whitethroat,459920,214708
System.__ComObject,Whitethroat,436690,200427
System.__ComObject,Whitethroat,463457,219994
System.__ComObject,Whitethroat,463457,219994
System.__ComObject,Whitethroat,463548,219816
System.__ComObject,Whitethroat,436922,201421
System.__ComObject,Whitethroat,436922,201421
System.__ComObject,Whitethroat,435310,201051
System.__ComObject,Whitethroat,435586,201300
System.__ComObject,Whitethroat,436244,201010
System.__ComObject,Whitethroat,462204,200783
System.__ComObject,Whitethroat,463684,220024
System.__ComObject,Whitethroat,463684,220024
System.__ComObject,Whitethroat,435888,200654
System.__ComObject,Whitethroat,460297,185658
System.__ComObject,Whitethroat,436656,200344
System.__ComObject,Whitethroat,462364,201619
System.__ComObject,Whitethroat,436580,201555
System.__ComObject,Whitethroat,463684,220024
System.__ComObject,Whitethroat,459966,214967
System.__ComObject,Whitethroat,437137,200811
System.__ComObject,Whitethroat,460097,185491
System.__ComObject,Whitethroat,435399,201248
System.__ComObject,Whitethroat,464182,219954
System.__ComObject,Whitethroat,435908,200959
System.__ComObject,Whitethroat,463883,219994
System.__ComObject,Whitethroat,435994,200765
System.__ComObject,Whitethroat,435908,200959
System.__ComObject,Whitethroat,436108,200980
System.__ComObject,Whitethroat,436492,200865
System.__ComObject,Whitethroat,460111,185498
System.__ComObject,Whitethroat,460297,185658
System.__ComObject,Whitethroat,453569,227254
System.__ComObject,Whitethroat,436399,201183
System.__ComObject,Whitethroat,436399,201183
System.__ComObject,Whitethroat,436656,200344
System.__ComObject,Whitethroat,460447,185873
System.__ComObject,Whitethroat,435147,199623
System.__ComObject,Whitethroat,436244,201360
System.__ComObject,Whitethroat,434849,200142
System.__ComObject,Whitethroat,434849,200142
System.__ComObject,Whitethroat,433332,168724
System.__ComObject,Whitethroat,462640,201151
System.__ComObject,Whitethroat,459429,213810
System.__ComObject,Whitethroat,459483,213735
System.__ComObject,Whitethroat,459400,213506
System.__ComObject,Whitethroat,471963,188081
System.__ComObject,Whitethroat,453713,227398
System.__ComObject,Whitethroat,460527,185987
System.__ComObject,Whitethroat,460097,185491
System.__ComObject,Whitethroat,462640,201151
System.__ComObject,Whitethroat,452343,203714
System.__ComObject,Whitethroat,433677,168820
System.__ComObject,Whitethroat,433327,168727
System.__ComObject,Whitethroat,460111,185498
System.__ComObject,Whitethroat,460719,213781
System.__ComObject,Whitethroat,435857,200965
System.__ComObject,Whitethroat,435628,201115
System.__ComObject,Whitethroat,435399,201248
System.__ComObject,Whitethroat,435586,201300
System.__ComObject,Whitethroat,436945,201217
System.__ComObject,Whitethroat,435857,200965
System.__ComObject,Whitethroat,436399,201183
System.__ComObject,Whitethroat,463883,219994
System.__ComObject,Whitethroat,435999,201519
System.__ComObject,Whitethroat,436945,201217
System.__ComObject,Whitethroat,435586,201300
System.__ComObject,Whitethroat,463991,173385
System.__ComObject,Whitethroat,463684,220024
System.__ComObject,Whitethroat,434849,200142
System.__ComObject,Whitethroat,436703,200788
System.__ComObject,Whitethroat,435876,200956
System.__ComObject,Whitethroat,463684,220024
System.__ComObject,Whitethroat,463883,219994
System.__ComObject,Whitethroat,436543,201361
System.__ComObject,Whitethroat,436543,201361
System.__ComObject,Whitethroat,436592,201187
System.__ComObject,Whitethroat,435305,200773
System.__ComObject,Whitethroat,435399,201248
System.__ComObject,Whitethroat,435293,200001
System.__ComObject,Whitethroat,463883,219994
System.__ComObject,Whitethroat,464053,219964
System.__ComObject,Whitethroat,460097,185491
System.__ComObject,Whitethroat,459918,185384
System.__ComObject,Whitethroat,435387,201220
System.__ComObject,Whitethroat,448760,194800
System.__ComObject,Whitethroat,436399,201183
System.__ComObject,Whitethroat,436345,201443
System.__ComObject,Whitethroat,435888,200654
System.__ComObject,Whitethroat,435888,200654
System.__ComObject,Whitethroat,463684,220024
System.__ComObject,Whitethroat,463684,220024
System.__ComObject,Whitethroat,463457,219994
System.__ComObject,Whitethroat,463457,219994
System.__ComObject,Whitethroat,459918,185384
System.__ComObject,Whitethroat,459019,214294
System.__ComObject,Whitethroat,436656,200344
System.__ComObject,Whitethroat,434888,199905
System.__ComObject,Whitethroat,464182,219954
System.__ComObject,Whitethroat,435495,200845
System.__ComObject,Whitethroat,436492,200865
System.__ComObject,Whitethroat,435876,200956
System.__ComObject,Whitethroat,435994,200765
System.__ComObject,Whitethroat,435580,200561
System.__ComObject,Whitethroat,463883,219994
System.__ComObject,Whitethroat,464053,219964
System.__ComObject,Whitethroat,436543,201361
System.__ComObject,Whitethroat,462364,201619
System.__ComObject,Whitethroat,462518,201358
System.__ComObject,Whitethroat,435399,201248
System.__ComObject,Whitethroat,460527,185987
System.__ComObject,Whitethroat,459918,185384
System.__ComObject,Whitethroat,436108,200980
System.__ComObject,Whitethroat,436108,200980
System.__ComObject,Whitethroat,462364,201619
System.__ComObject,Whitethroat,435340,200574
System.__ComObject,Whitethroat,460097,185491
System.__ComObject,Whitethroat,436244,201360
System.__ComObject,Whitethroat,462518,201358
System.__ComObject,Whitethroat,484591,162872
System.__ComObject,Whitethroat,436290,200995
System.__ComObject,Whitethroat,462364,201619
System.__ComObject,Whitethroat,462518,201358
System.__ComObject,Whitethroat,462640,201151
System.__ComObject,Whitethroat,462204,200783
System.__ComObject,Whitethroat,462279,200654
System.__ComObject,Whitethroat,435340,200574
System.__ComObject,Whitethroat,435340,200574
System.__ComObject,Whitethroat,435399,201248
System.__ComObject,Whitethroat,457900,170600
System.__ComObject,Whitethroat,457900,170600
System.__ComObject,Whitethroat,457800,220800
System.__ComObject,Whitethroat,457800,220800
System.__ComObject,Whitethroat,452186,203837
System.__ComObject,Whitethroat,469400,171700
System.__ComObject,Whitethroat,470200,171100
System.__ComObject,Whitethroat,433677,168820
System.__ComObject,Whitethroat,436479,200475
System.__ComObject,Whitethroat,435857,200965
System.__ComObject,Whitethroat,460111,185498
System.__ComObject,Whitethroat,457700,221000
System.__ComObject,Whitethroat,456400,218600
System.__ComObject,Whitethroat,456000,217500
System.__ComObject,Whitethroat,453200,215000
System.__ComObject,Whitethroat,451600,213300
System.__ComObject,Whitethroat,450700,212700
System.__ComObject,Whitethroat,449500,209800
System.__ComObject,Whitethroat,448400,209500
System.__ComObject,Whitethroat,449500,208400
System.__ComObject,Whitethroat,449800,208600
System.__ComObject,Whitethroat,450000,208900
System.__ComObject,Whitethroat,449500,205800
System.__ComObject,Whitethroat,450500,205000
System.__ComObject,Whitethroat,451200,204500
System.__ComObject,Whitethroat,436703,200788
System.__ComObject,Whitethroat,435876,200956
System.__ComObject,Whitethroat,463457,219994
System.__ComObject,Whitethroat,436703,200788
System.__ComObject,Whitethroat,437088,201368
System.__ComObject,Whitethroat,435908,200959
System.__ComObject,Whitethroat,446000,167300
System.__ComObject,Whitethroat,435999,201519
System.__ComObject,Whitethroat,459725,214611
System.__ComObject,Whitethroat,436945,201217
System.__ComObject,Whitethroat,436703,200788
System.__ComObject,Whitethroat,436703,200788
System.__ComObject,Whitethroat,435876,200956
System.__ComObject,Whitethroat,464053,219964
System.__ComObject,Whitethroat,464053,219964
System.__ComObject,Whitethroat,460447,185873
System.__ComObject,Whitethroat,460097,185491
System.__ComObject,Whitethroat,450403,165835
System.__ComObject,Whitethroat,436108,200980
System.__ComObject,Whitethroat,460297,185658
System.__ComObject,Whitethroat,460411,214178
System.__ComObject,Whitethroat,464053,219964
System.__ComObject,Whitethroat,435729,201306
System.__ComObject,Whitethroat,435999,201519
System.__ComObject,Whitethroat,435999,201519
System.__ComObject,Whitethroat,460111,185498
System.__ComObject,Whitethroat,460297,185658
System.__ComObject,Whitethroat,460297,185658
System.__ComObject,Whitethroat,435340,200574
System.__ComObject,Whitethroat,460532,214022
System.__ComObject,Whitethroat,460411,214178
System.__ComObject,Whitethroat,436580,201555
System.__ComObject,Whitethroat,436543,201361
System.__ComObject,Whitethroat,436108,200980
System.__ComObject,Whitethroat,436945,201217
System.__ComObject,Whitethroat,436669,200872
System.__ComObject,Whitethroat,437105,200259
System.__ComObject,Whitethroat,435586,201300
System.__ComObject,Whitethroat,460097,185491
System.__ComObject,Whitethroat,435908,200959
System.__ComObject,Whitethroat,436108,200980
System.__ComObject,Whitethroat,460111,185498
System.__ComObject,Whitethroat,460297,185658
System.__ComObject,Whitethroat,435310,201051
System.__ComObject,Whitethroat,463684,220024
System.__ComObject,Whitethroat,436874,200188
System.__ComObject,Whitethroat,437105,200259
System.__ComObject,Whitethroat,435387,201220
System.__ComObject,Whitethroat,435876,200956
System.__ComObject,Whitethroat,436592,201187
System.__ComObject,Whitethroat,435310,201051
System.__ComObject,Whitethroat,435001,199812
System.__ComObject,Whitethroat,435147,199623
System.__ComObject,Whitethroat,436543,201361
System.__ComObject,Whitethroat,435387,201220
System.__ComObject,Whitethroat,435495,200845
System.__ComObject,Whitethroat,464053,219964
System.__ComObject,Whitethroat,463684,220024
System.__ComObject,Whitethroat,463684,220024
System.__ComObject,Whitethroat,452186,203837
System.__ComObject,Whitethroat,435908,200959
System.__ComObject,Whitethroat,436108,200980
System.__ComObject,Whitethroat,436290,200995
System.__ComObject,Whitethroat,436120,200757
System.__ComObject,Whitethroat,436703,200788
System.__ComObject,Whitethroat,437137,200811
System.__ComObject,Whitethroat,433332,168724
System.__ComObject,Whitethroat,435147,199623
System.__ComObject,Whitethroat,452343,203714
System.__ComObject,Whitethroat,463558,173803
System.__ComObject,Whitethroat,437137,200811
System.__ComObject,Whitethroat,435999,201519
System.__ComObject,Whitethroat,437137,200811
System.__ComObject,Whitethroat,435340,200574
System.__ComObject,Whitethroat,436806,201011
System.__ComObject,Whitethroat,436806,201011
System.__ComObject,Whitethroat,436120,200757
System.__ComObject,Whitethroat,435310,201051
System.__ComObject,Whitethroat,436244,201360
System.__ComObject,Whitethroat,436244,201010
System.__ComObject,Whitethroat,460447,185873
System.__ComObject,Whitethroat,436290,200995
System.__ComObject,Whitethroat,435399,201248
System.__ComObject,Whitethroat,435586,201300
System.__ComObject,Whitethroat,435404,199914
System.__ComObject,Whitethroat,462860,219090
System.__ComObject,Whitethroat,436399,201183
System.__ComObject,Whitethroat,463204,219173
System.__ComObject,Whitethroat,435857,200965
System.__ComObject,Whitethroat,485274,179817
System.__ComObject,Whitethroat,485431,179884
System.__ComObject,Whitethroat,485419,179690
System.__ComObject,Whitethroat,435399,201248
System.__ComObject,Whitethroat,435586,201300
System.__ComObject,Whitethroat,462518,201358
System.__ComObject,Whitethroat,435340,200574
System.__ComObject,Whitethroat,436580,201555
System.__ComObject,Whitethroat,436543,201361
System.__ComObject,Whitethroat,459147,213985
System.__ComObject,Whitethroat,452186,203837
System.__ComObject,Whitethroat,435994,200765
System.__ComObject,Whitethroat,434849,200142
System.__ComObject,Whitethroat,434888,199905
System.__ComObject,Whitethroat,435001,199812
System.__ComObject,Whitethroat,453782,227088
System.__ComObject,Whitethroat,435001,199812
System.__ComObject,Whitethroat,435521,200474
System.__ComObject,Whitethroat,436543,201361
System.__ComObject,Whitethroat,435586,201300
System.__ComObject,Whitethroat,463684,220024
System.__ComObject,Whitethroat,464053,219964
System.__ComObject,Whitethroat,435857,200965
System.__ComObject,Whitethroat,462625,219153
System.__ComObject,Whitethroat,462825,219225
System.__ComObject,Whitethroat,458885,214188
System.__ComObject,Whitethroat,436290,200995
System.__ComObject,Whitethroat,463457,219994
System.__ComObject,Whitethroat,463548,219816
System.__ComObject,Whitethroat,436703,200788
System.__ComObject,Whitethroat,464053,219964
System.__ComObject,Whitethroat,459982,214405
System.__ComObject,Whitethroat,435305,200773
System.__ComObject,Whitethroat,434888,199905
System.__ComObject,Whitethroat,435366,199653
System.__ComObject,Whitethroat,435664,200185
System.__ComObject,Whitethroat,436703,200788
System.__ComObject,Whitethroat,437137,200811
System.__ComObject,Whitethroat,463684,220024
System.__ComObject,Whitethroat,460097,185491
System.__ComObject,Whitethroat,462625,219153
System.__ComObject,Whitethroat,462825,219225
System.__ComObject,Whitethroat,433677,168820
System.__ComObject,Whitethroat,435250,200321
System.__ComObject,Whitethroat,434888,199905
System.__ComObject,Whitethroat,436290,200995
System.__ComObject,Whitethroat,463163,219037
System.__ComObject,Whitethroat,460527,185987
System.__ComObject,Whitethroat,435399,201248
System.__ComObject,Whitethroat,435586,201300
System.__ComObject,Whitethroat,436244,201360
System.__ComObject,Whitethroat,436244,201360
System.__ComObject,Whitethroat,462614,218996
System.__ComObject,Whitethroat,462614,218996
System.__ComObject,Whitethroat,436108,200980
System.__ComObject,Whitethroat,436543,201361
System.__ComObject,Whitethroat,435876,200956
System.__ComObject,Whitethroat,435994,200765
System.__ComObject,Whitethroat,435495,200845
System.__ComObject,Whitethroat,436399,201183
System.__ComObject,Whitethroat,436543,201361
System.__ComObject,Whitethroat,436543,201361
System.__ComObject,Whitethroat,435994,200765
System.__ComObject,Whitethroat,435376,200464
System.__ComObject,Whitethroat,450403,165835
System.__ComObject,Whitethroat,435387,201220
System.__ComObject,Whitethroat,485419,179690
System.__ComObject,Whitethroat,435908,200959
System.__ComObject,Whitethroat,462752,219114
System.__ComObject,Whitethroat,435586,201300
System.__ComObject,Whitethroat,436244,201360
System.__ComObject,Whitethroat,463457,219994
System.__ComObject,Whitethroat,463548,219816
System.__ComObject,Whitethroat,460111,185498
System.__ComObject,Whitethroat,463204,219173
System.__ComObject,Whitethroat,434888,199905
System.__ComObject,Whitethroat,436580,201555
System.__ComObject,Whitethroat,436543,201361
System.__ComObject,Whitethroat,463548,219816
System.__ComObject,Whitethroat,460527,185987
System.__ComObject,Whitethroat,462733,219070
System.__ComObject,Whitethroat,462733,219070
System.__ComObject,Whitethroat,462614,218996
System.__ComObject,Whitethroat,462141,201199
System.__ComObject,Whitethroat,462364,201619
System.__ComObject,Whitethroat,485419,179690
System.__ComObject,Whitethroat,485572,179319
System.__ComObject,Whitethroat,462825,219225
System.__ComObject,Whitethroat,435310,201051
System.__ComObject,Whitethroat,435683,200733
System.__ComObject,Whitethroat,435876,200956
System.__ComObject,Whitethroat,435586,201300
System.__ComObject,Whitethroat,436244,201360
System.__ComObject,Whitethroat,462614,218996
System.__ComObject,Whitethroat,435250,200321
System.__ComObject,Whitethroat,436244,201360
System.__ComObject,Whitethroat,463684,220024
System.__ComObject,Whitethroat,435399,201248
System.__ComObject,Whitethroat,436543,201361
System.__ComObject,Whitethroat,460625,213886
System.__ComObject,Whitethroat,463163,219037
System.__ComObject,Whitethroat,463163,219037
System.__ComObject,Whitethroat,435495,200845
System.__ComObject,Whitethroat,435760,200646
System.__ComObject,Whitethroat,435580,200561
System.__ComObject,Whitethroat,435018,200384
System.__ComObject,Whitethroat,485572,179319
System.__ComObject,Whitethroat,485357,179464
System.__ComObject,Whitethroat,435250,200321
System.__ComObject,Whitethroat,435908,200959
System.__ComObject,Whitethroat,435908,200959
System.__ComObject,Whitethroat,435399,201248
System.__ComObject,Whitethroat,492000,169000
System.__ComObject,Whitethroat,436300,244300
System.__ComObject,Whitethroat,451200,174100
System.__ComObject,Whitethroat,494200,177300
System.__ComObject,Whitethroat,452000,197600
System.__ComObject,Whitethroat,448800,215500
System.__ComObject,Whitethroat,449000,215300
System.__ComObject,Whitethroat,427200,206000
System.__ComObject,Whitethroat,460979,187752
System.__ComObject,Whitethroat,452000,204000
System.__ComObject,Whitethroat,452000,204000
System.__ComObject,Whitethroat,452000,204000
System.__ComObject,Whitethroat,452000,206000
System.__ComObject,Whitethroat,452000,202000
System.__ComObject,Whitethroat,450000,208000
System.__ComObject,Whitethroat,454000,196000
System.__ComObject,Whitethroat,448000,214000
System.__ComObject,Whitethroat,444000,208000
System.__ComObject,Whitethroat,444000,208000
